Iteration,BatchReward,GotFlag,AverageActorLoss,PercentageCompleted
1,1497.0,0,0.0038838428,0.05%
2,2073.0,0,-0.0007919759,0.11%
3,2073.0,0,-0.00043437467,0.16%
4,2073.0,0,-0.0015038357,0.21%
5,2313.0,0,-0.0012664847,0.27%
6,2073.0,0,0.0017714945,0.32%
7,921.0,0,-0.00028122618,0.37%
8,921.0,0,-3.670033e-05,0.43%
9,921.0,0,-2.2163988e-06,0.48%
10,921.0,0,-1.0551512e-06,0.53%
11,921.0,0,-2.520673e-05,0.59%
12,921.0,0,-0.0010817766,0.64%
13,921.0,0,-0.000114575996,0.69%
14,921.0,0,-1.5294552e-05,0.75%
15,921.0,0,-7.2214755e-07,0.80%
16,921.0,0,-3.2275915e-07,0.85%
17,921.0,0,-1.6964972e-07,0.91%
18,921.0,0,-1.3045967e-07,0.96%
19,921.0,0,-7.4766575e-08,1.01%
20,921.0,0,-1.1920929e-07,1.07%
21,921.0,0,-7.826835e-08,1.12%
22,921.0,0,-5.967915e-08,1.17%
23,921.0,0,-1.8775463e-08,1.23%
24,921.0,0,-3.6358834e-08,1.28%
25,921.0,0,-5.9455633e-08,1.33%
26,921.0,0,3.8184225e-09,1.39%
27,921.0,0,-1.1231751e-08,1.44%
28,921.0,0,-7.815659e-08,1.49%
29,921.0,0,-2.5339423e-07,1.55%
30,921.0,0,-5.4062904e-05,1.60%
31,921.0,0,7.2211026e-07,1.65%
32,921.0,0,-5.591661e-08,1.71%
33,921.0,0,-2.9951334e-08,1.76%
34,921.0,0,-6.46431e-08,1.81%
35,921.0,0,-4.403293e-08,1.87%
36,921.0,0,-1.18166206e-07,1.92%
37,921.0,0,-2.9057265e-08,1.97%
38,921.0,0,-5.7592988e-08,2.03%
39,921.0,0,-3.054738e-07,2.08%
40,921.0,0,-8.003324e-05,2.13%
41,18600.0,0,0.0030025467,2.20%
42,18900.0,0,-1.9222497e-08,2.27%
43,18900.0,0,-3.233552e-08,2.34%
44,18900.0,0,-8.195639e-09,2.40%
45,18900.0,0,-5.8114527e-09,2.47%
46,18900.0,0,5.066395e-09,2.54%
47,18900.0,0,5.2005053e-08,2.61%
48,18900.0,0,5.306676e-08,2.67%
49,18900.0,0,-3.4128316e-08,2.74%
50,18900.0,0,-3.4868716e-08,2.81%
51,18900.0,0,9.834767e-09,2.88%
52,18900.0,0,-5.8412553e-08,2.94%
53,18900.0,0,-3.069639e-08,3.01%
54,18900.0,0,-4.0382147e-08,3.08%
55,18900.0,0,-2.918765e-08,3.15%
56,18900.0,0,-1.269579e-07,3.21%
57,18900.0,0,-2.4437904e-08,3.28%
58,18900.0,0,3.0808152e-08,3.35%
59,18900.0,0,2.8312206e-08,3.42%
60,18900.0,0,1.66893e-08,3.48%
61,18900.0,0,1.9073486e-08,3.55%
62,18900.0,0,-4.7683715e-09,3.62%
63,18900.0,0,1.1026859e-08,3.69%
64,18900.0,0,1.654029e-08,3.75%
65,18900.0,0,2.592802e-08,3.82%
66,18900.0,0,-2.5331975e-08,3.89%
67,18900.0,0,-1.0430813e-09,3.96%
68,18900.0,0,8.046627e-08,4.02%
69,18900.0,0,-2.5331975e-08,4.09%
70,18900.0,0,-1.38022e-08,4.16%
71,18900.0,0,1.9669534e-08,4.23%
72,18900.0,0,-1.1026859e-08,4.29%
73,18900.0,0,-1.23679635e-08,4.36%
74,18900.0,0,1.4211983e-08,4.43%
75,18900.0,0,-2.5806948e-08,4.50%
76,18900.0,0,2.2500753e-08,4.56%
77,18900.0,0,-6.839633e-08,4.63%
78,18900.0,0,1.2516975e-08,4.70%
79,18900.0,0,-7.152557e-09,4.77%
80,18900.0,0,-8.717179e-08,4.83%
81,18900.0,0,2.6226044e-08,4.90%
82,18900.0,0,8.136034e-08,4.97%
83,18900.0,0,1.0281801e-08,5.04%
84,18900.0,0,-5.9604646e-09,5.10%
85,18900.0,0,1.9669534e-08,5.17%
86,18900.0,0,1.9147992e-08,5.24%
87,18900.0,0,-4.1201712e-08,5.31%
88,18900.0,0,-4.2244793e-08,5.37%
89,18900.0,0,-6.347895e-08,5.44%
90,18900.0,0,-3.904104e-08,5.51%
91,18900.0,0,-6.467104e-08,5.58%
92,18900.0,0,3.680587e-08,5.64%
93,18900.0,0,-6.2584874e-08,5.71%
94,18900.0,0,7.450581e-09,5.78%
95,18900.0,0,-2.3692847e-08,5.85%
96,18900.0,0,-4.6938657e-09,5.91%
97,18900.0,0,-7.584691e-08,5.98%
98,18900.0,0,1.3679266e-07,6.05%
99,18900.0,0,5.5879354e-09,6.12%
100,18900.0,0,2.4437904e-08,6.18%
101,18900.0,0,-1.3336539e-07,6.25%
102,18900.0,0,6.5416096e-08,6.32%
103,18900.0,0,1.5422701e-08,6.39%
104,18900.0,0,-1.1175871e-09,6.45%
105,18900.0,0,3.52785e-08,6.52%
106,18900.0,0,2.6673078e-08,6.59%
107,18900.0,0,7.599592e-09,6.66%
108,18900.0,0,5.453825e-08,6.72%
109,18900.0,0,3.159046e-08,6.79%
110,18900.0,0,5.0738453e-08,6.86%
111,18900.0,0,1.013279e-08,6.93%
112,18900.0,0,3.784895e-08,6.99%
113,18900.0,0,1.2814999e-08,7.06%
114,18900.0,0,1.1362136e-09,7.13%
115,18900.0,0,5.081296e-08,7.20%
116,18900.0,0,-6.213784e-08,7.26%
117,18900.0,0,-2.1401792e-08,7.33%
118,18900.0,0,-2.7325004e-08,7.40%
119,18900.0,0,2.7641654e-08,7.47%
120,18900.0,0,2.6524066e-08,7.53%
121,18900.0,0,1.4297665e-07,7.60%
122,18900.0,0,8.5569916e-08,7.67%
123,18900.0,0,4.1238962e-08,7.74%
124,18900.0,0,1.8156134e-08,7.80%
125,18900.0,0,4.649162e-08,7.87%
126,18900.0,0,-3.5762786e-09,7.94%
127,18900.0,0,-6.723218e-08,8.01%
128,18900.0,0,-3.9078294e-08,8.07%
129,18900.0,0,-1.5497207e-07,8.14%
130,18900.0,0,4.4526534e-08,8.21%
131,18900.0,0,1.2151897e-07,8.28%
132,18900.0,0,4.7683717e-08,8.34%
133,18900.0,0,8.426607e-08,8.41%
134,18900.0,0,1.3411045e-08,8.48%
135,18900.0,0,1.2367964e-07,8.55%
136,18900.0,0,-7.0780515e-09,8.61%
137,18900.0,0,3.576279e-08,8.68%
138,18900.0,0,2.7418137e-08,8.75%
139,18900.0,0,2.3767353e-08,8.82%
140,18900.0,0,1.3349577e-07,8.88%
141,18900.0,0,-6.884336e-08,8.95%
142,18900.0,0,3.2391398e-08,9.02%
143,18900.0,0,-3.144145e-08,9.09%
144,18900.0,0,3.6880374e-09,9.15%
145,18900.0,0,-8.717179e-08,9.22%
146,18900.0,0,-9.551644e-08,9.29%
147,18900.0,0,-1.0058284e-08,9.36%
148,18900.0,0,-1.1976808e-08,9.42%
149,18900.0,0,-3.308058e-08,9.49%
150,18900.0,0,-6.109476e-09,9.56%
151,18900.0,0,-4.544854e-08,9.63%
152,18900.0,0,3.9190056e-08,9.69%
153,18900.0,0,-5.695969e-08,9.76%
154,18900.0,0,4.6938657e-09,9.83%
155,18900.0,0,-2.8312206e-08,9.90%
156,18900.0,0,-6.09085e-08,9.96%
157,18900.0,0,2.1895394e-08,10.03%
158,18900.0,0,2.5518238e-08,10.10%
159,18900.0,0,-1.8165446e-08,10.17%
160,18900.0,0,7.18236e-08,10.23%
161,18900.0,0,8.419156e-08,10.30%
162,18900.0,0,-1.5124678e-07,10.37%
163,18900.0,0,1.2293458e-08,10.44%
164,18900.0,0,-1.5497207e-08,10.50%
165,18900.0,0,2.1833927e-07,10.57%
166,18900.0,0,-8.195639e-09,10.64%
167,18900.0,0,1.3411045e-08,10.71%
168,18900.0,0,-2.3394824e-08,10.77%
169,18900.0,0,1.5676022e-07,10.84%
170,18900.0,0,-3.8109718e-08,10.91%
171,18900.0,0,-8.2030894e-08,10.98%
172,18900.0,0,-1.3262033e-08,11.04%
173,18900.0,0,-6.362796e-08,11.11%
174,18900.0,0,3.7476422e-08,11.18%
175,18900.0,0,-1.4990569e-07,11.25%
176,18900.0,0,9.417534e-08,11.31%
177,18900.0,0,-1.3262033e-08,11.38%
178,18900.0,0,2.8312206e-09,11.45%
179,18900.0,0,-8.791685e-08,11.52%
180,18900.0,0,-2.0414591e-08,11.58%
181,18900.0,0,8.121133e-09,11.65%
182,18900.0,0,-4.6640636e-08,11.72%
183,18900.0,0,2.2612512e-07,11.79%
184,18900.0,0,-5.2154063e-09,11.85%
185,18900.0,0,-5.289912e-08,11.92%
186,18900.0,0,-3.889203e-08,11.99%
187,18900.0,0,-4.7683715e-09,12.06%
188,18900.0,0,3.8184226e-08,12.12%
189,18900.0,0,7.7486035e-08,12.19%
190,18900.0,0,8.34465e-09,12.26%
191,18900.0,0,-5.939044e-08,12.33%
192,18900.0,0,1.090765e-07,12.39%
193,18900.0,0,5.4836274e-08,12.46%
194,18900.0,0,-1.2129546e-07,12.53%
195,18900.0,0,1.3243407e-07,12.60%
196,18900.0,0,4.4703484e-08,12.66%
197,18900.0,0,9.050593e-08,12.73%
198,18900.0,0,7.048249e-08,12.80%
199,18900.0,0,-4.4703484e-08,12.87%
200,18900.0,0,7.942319e-08,12.93%
201,18900.0,0,1.7285346e-08,13.00%
202,18900.0,0,6.1243774e-08,13.07%
203,18900.0,0,-1.6197562e-07,13.14%
204,18900.0,0,9.685754e-09,13.20%
205,18900.0,0,-2.9057265e-08,13.27%
206,18900.0,0,1.937151e-07,13.34%
207,18900.0,0,-8.590519e-08,13.41%
208,18900.0,0,2.1606684e-08,13.47%
209,18900.0,0,-9.544194e-08,13.54%
210,18900.0,0,6.139278e-08,13.61%
211,18900.0,0,-1.591444e-07,13.68%
212,18900.0,0,-1.0073185e-07,13.74%
213,18900.0,0,4.172325e-08,13.81%
214,18900.0,0,-5.26011e-08,13.88%
215,18900.0,0,-2.2813678e-07,13.95%
216,18900.0,0,-1.5050173e-08,14.01%
217,18900.0,0,-8.4862116e-08,14.08%
218,18900.0,0,4.7162175e-08,14.15%
219,18900.0,0,3.218651e-08,14.22%
220,18900.0,0,-7.111579e-08,14.28%
221,18900.0,0,-6.031245e-08,14.35%
222,18900.0,0,9.0301036e-08,14.42%
223,18900.0,0,-4.9322843e-08,14.49%
224,18900.0,0,-1.4200806e-07,14.55%
225,18900.0,0,3.1292437e-08,14.62%
226,18900.0,0,-1.06915834e-07,14.69%
227,18900.0,0,2.4169682e-07,14.76%
228,18900.0,0,1.19060275e-07,14.82%
229,18900.0,0,1.1473894e-08,14.89%
230,18900.0,0,2.7492644e-07,14.96%
231,18900.0,0,2.3722649e-07,15.03%
232,18900.0,0,1.3776123e-07,15.09%
233,18900.0,0,-2.1606684e-08,15.16%
234,18900.0,0,-2.0973385e-08,15.23%
235,18900.0,0,-2.3588538e-07,15.30%
236,18900.0,0,5.155802e-08,15.36%
237,18900.0,0,-1.01923945e-07,15.43%
238,18900.0,0,1.4156103e-08,15.50%
239,18900.0,0,-9.268522e-08,15.57%
240,18900.0,0,-1.5199184e-08,15.63%
241,18900.0,0,8.791685e-09,15.70%
242,18900.0,0,-1.05109066e-07,15.77%
243,18900.0,0,-3.4973024e-07,15.84%
244,18900.0,0,-1.2040138e-07,15.90%
245,18900.0,0,2.479553e-07,15.97%
246,18900.0,0,-2.0861626e-07,16.04%
247,18900.0,0,2.3283064e-07,16.11%
248,18900.0,0,-1.2770295e-07,16.17%
249,18900.0,0,-9.134412e-08,16.24%
250,18900.0,0,-1.992099e-08,16.31%
251,18900.0,0,1.4692544e-07,16.38%
252,18900.0,0,8.014962e-08,16.44%
253,18900.0,0,-2.1569431e-07,16.51%
254,18900.0,0,-8.639693e-07,16.58%
255,18900.0,0,-1.6278122e-07,16.65%
256,18900.0,0,-3.427267e-08,16.71%
257,18900.0,0,-3.308058e-08,16.78%
258,18900.0,0,8.09133e-08,16.85%
259,18900.0,0,-5.64754e-08,16.92%
260,18900.0,0,1.7642975e-07,16.98%
261,18900.0,0,3.2484532e-08,17.05%
262,18900.0,0,-2.1109358e-07,17.12%
263,18900.0,0,4.068017e-08,17.19%
264,18900.0,0,1.3340265e-07,17.25%
265,18900.0,0,-5.699694e-09,17.32%
266,18900.0,0,1.296401e-07,17.39%
267,18900.0,0,-4.61936e-09,17.46%
268,18900.0,0,1.352094e-07,17.52%
269,18900.0,0,-1.3159588e-07,17.59%
270,18900.0,0,1.4017336e-07,17.66%
271,18900.0,0,-4.0605663e-08,17.73%
272,18900.0,0,1.0967255e-07,17.79%
273,18900.0,0,-1.834333e-07,17.86%
274,18900.0,0,1.097843e-07,17.93%
275,18900.0,0,-2.5838614e-07,18.00%
276,18900.0,0,4.649162e-08,18.06%
277,18900.0,0,-9.4026326e-08,18.13%
278,18900.0,0,2.530217e-07,18.20%
279,18900.0,0,5.5506824e-08,18.27%
280,18900.0,0,7.1153043e-09,18.33%
281,18900.0,0,2.5890767e-08,18.40%
282,18900.0,0,1.4938414e-07,18.47%
283,18900.0,0,-1.7695129e-10,18.54%
284,18900.0,0,-1.4722347e-07,18.60%
285,18900.0,0,1.3753771e-07,18.67%
286,18900.0,0,3.5598873e-07,18.74%
287,18900.0,0,-1.8775464e-07,18.81%
288,18900.0,0,1.3537705e-07,18.87%
289,18900.0,0,-6.7828225e-08,18.94%
290,18900.0,0,2.2910536e-08,19.01%
291,18900.0,0,3.7431718e-07,19.08%
292,18900.0,0,-1.7188489e-07,19.14%
293,18900.0,0,9.633601e-08,19.21%
294,18900.0,0,-5.379319e-08,19.28%
295,18900.0,0,-3.0659137e-08,19.35%
296,18900.0,0,-3.3713878e-08,19.41%
297,18900.0,0,-6.526709e-08,19.48%
298,18900.0,0,7.838011e-08,19.55%
299,18900.0,0,2.0176172e-07,19.62%
300,18900.0,0,-7.1227554e-08,19.68%
301,18900.0,0,-2.2053719e-08,19.75%
302,18900.0,0,7.733703e-08,19.82%
303,18900.0,0,-4.2468308e-08,19.89%
304,18900.0,0,-6.690621e-08,19.95%
305,18900.0,0,-3.412366e-08,20.02%
306,18900.0,0,4.2162836e-07,20.09%
307,18900.0,0,1.5348196e-08,20.16%
308,18900.0,0,-1.9550323e-07,20.22%
309,18900.0,0,2.939999e-07,20.29%
310,18900.0,0,3.0505007e-07,20.36%
311,18900.0,0,-8.06991e-08,20.43%
312,18900.0,0,-1.9222497e-07,20.49%
313,18900.0,0,-2.2560359e-07,20.56%
314,18900.0,0,2.7269126e-08,20.63%
315,18900.0,0,1.7538667e-07,20.70%
316,18900.0,0,-2.5883318e-07,20.76%
317,18900.0,0,3.3944846e-07,20.83%
318,18900.0,0,-5.2861868e-08,20.90%
319,18900.0,0,8.5756184e-08,20.97%
320,18900.0,0,-8.2943586e-08,21.03%
321,18900.0,0,1.4116522e-08,21.10%
322,18900.0,0,2.0116568e-08,21.17%
323,18900.0,0,-1.6763806e-08,21.24%
324,18900.0,0,-1.603365e-07,21.30%
325,18900.0,0,9.347685e-08,21.37%
326,18900.0,0,1.013279e-08,21.44%
327,18900.0,0,-1.5616416e-07,21.51%
328,18900.0,0,-4.488975e-09,21.57%
329,18900.0,0,-5.424023e-08,21.64%
330,18900.0,0,-4.081428e-07,21.71%
331,18900.0,0,8.583069e-08,21.78%
332,18900.0,0,4.686415e-08,21.84%
333,18900.0,0,1.552701e-07,21.91%
334,18900.0,0,2.771616e-07,21.98%
335,18900.0,0,-2.3207161e-07,22.05%
336,18900.0,0,2.1457673e-08,22.11%
337,18900.0,0,1.5036669e-07,22.18%
338,18900.0,0,1.6201288e-07,22.25%
339,18900.0,0,1.4603138e-08,22.32%
340,18900.0,0,-1.3008713e-07,22.38%
341,18900.0,0,-1.16080045e-07,22.45%
342,18900.0,0,6.854534e-08,22.52%
343,18900.0,0,-2.5182963e-08,22.59%
344,18900.0,0,-1.9222497e-07,22.65%
345,18900.0,0,5.672872e-07,22.72%
346,18900.0,0,-1.0512769e-07,22.79%
347,18900.0,0,9.4473364e-08,22.86%
348,18900.0,0,1.1175871e-08,22.92%
349,18900.0,0,1.1587143e-06,22.99%
350,18900.0,0,2.2411346e-07,23.06%
351,18900.0,0,4.1812658e-07,23.13%
352,18900.0,0,9.741634e-08,23.19%
353,18900.0,0,1.0922551e-07,23.26%
354,18900.0,0,-1.9229948e-07,23.33%
355,18900.0,0,1.2689503e-07,23.40%
356,18900.0,0,7.5429676e-07,23.46%
357,18900.0,0,2.3394824e-08,23.53%
358,18900.0,0,-1.14366415e-07,23.60%
359,18900.0,0,-2.5155023e-07,23.67%
360,18900.0,0,-2.7224422e-07,23.73%
361,18900.0,0,1.0877848e-08,23.80%
362,18900.0,0,2.0861626e-07,23.87%
363,18900.0,0,-1.0997057e-07,23.94%
364,18900.0,0,-9.037554e-08,24.00%
365,18900.0,0,-1.758337e-08,24.07%
366,18900.0,0,-2.6151538e-08,24.14%
367,18900.0,0,-6.025657e-08,24.21%
368,18900.0,0,6.1430036e-08,24.27%
369,18900.0,0,-3.1888484e-07,24.34%
370,18900.0,0,9.935349e-08,24.41%
371,18900.0,0,3.5017727e-08,24.48%
372,18900.0,0,-5.796552e-08,24.54%
373,18900.0,0,-9.059906e-08,24.61%
374,18900.0,0,-1.1622905e-08,24.68%
375,18900.0,0,2.8021634e-07,24.75%
376,18900.0,0,-2.6136638e-07,24.81%
377,18900.0,0,1.4230609e-07,24.88%
378,18900.0,0,-6.2212346e-09,24.95%
379,18900.0,0,-4.6972184e-07,25.02%
380,18900.0,0,2.9176474e-07,25.08%
381,18900.0,0,1.648441e-07,25.15%
382,18900.0,0,2.0861626e-09,25.22%
383,18900.0,0,2.630055e-08,25.29%
384,18900.0,0,1.1399388e-08,25.35%
385,18900.0,0,2.3841857e-09,25.42%
386,18900.0,0,2.9802322e-08,25.49%
387,18900.0,0,9.834767e-09,25.56%
388,18900.0,0,-1.3411045e-08,25.62%
389,18900.0,0,3.87989e-07,25.69%
390,18900.0,0,3.8698315e-07,25.76%
391,18900.0,0,1.5512109e-07,25.83%
392,18900.0,0,-2.4149195e-08,25.89%
393,18900.0,0,9.968877e-08,25.96%
394,18900.0,0,4.6904665e-07,26.03%
395,18900.0,0,-3.1781383e-08,26.10%
396,18900.0,0,3.5464765e-08,26.16%
397,18900.0,0,3.740564e-07,26.23%
398,18900.0,0,1.4524907e-07,26.30%
399,18900.0,0,1.00748146e-07,26.37%
400,18900.0,0,1.4901161e-09,26.43%
401,18900.0,0,7.361174e-08,26.50%
402,18900.0,0,7.897616e-08,26.57%
403,18900.0,0,-9.417534e-08,26.64%
404,18900.0,0,-1.4647841e-07,26.70%
405,18900.0,0,-1.9332394e-07,26.77%
406,18900.0,0,2.3663044e-07,26.84%
407,18900.0,0,-1.5795231e-07,26.91%
408,18900.0,0,-1.3142824e-07,26.97%
409,18900.0,0,-2.7433038e-07,27.04%
410,18900.0,0,-2.7000905e-07,27.11%
411,18900.0,0,1.3574957e-07,27.18%
412,18900.0,0,9.303912e-09,27.24%
413,18900.0,0,-7.197261e-08,27.31%
414,18900.0,0,1.327321e-07,27.38%
415,18900.0,0,-6.347895e-08,27.45%
416,18900.0,0,-3.1024217e-07,27.51%
417,18900.0,0,-1.6391277e-09,27.58%
418,18900.0,0,1.5705824e-07,27.65%
419,18900.0,0,8.9868905e-07,27.72%
420,18900.0,0,1.2516975e-08,27.78%
421,18900.0,0,-2.2098422e-07,27.85%
422,18900.0,0,-1.2218952e-07,27.92%
423,18900.0,0,1.0281801e-08,27.99%
424,18900.0,0,2.3841858e-08,28.05%
425,18900.0,0,1.1079013e-07,28.12%
426,18900.0,0,-1.8060207e-07,28.19%
427,18900.0,0,2.1368265e-07,28.26%
428,18900.0,0,-6.9588424e-07,28.32%
429,18900.0,0,2.0578504e-07,28.39%
430,18900.0,0,-1.5884638e-07,28.46%
431,18900.0,0,3.278302e-07,28.53%
432,18900.0,0,-4.9192458e-08,28.59%
433,18900.0,0,-9.089708e-08,28.66%
434,18900.0,0,1.0728836e-07,28.73%
435,18900.0,0,-1.758337e-08,28.80%
436,18900.0,0,2.8584154e-07,28.86%
437,18900.0,0,-2.066791e-07,28.93%
438,18900.0,0,2.2664666e-07,29.00%
439,18900.0,0,1.02818014e-07,29.07%
440,18900.0,0,1.8924474e-08,29.13%
441,18900.0,0,-1.0803342e-09,29.20%
442,18900.0,0,1.2636184e-07,29.27%
443,18900.0,0,1.4901161e-08,29.34%
444,18900.0,0,-1.129508e-07,29.40%
445,18900.0,0,-1.11907724e-07,29.47%
446,18900.0,0,-3.0115245e-07,29.54%
447,18900.0,0,1.5437602e-07,29.61%
448,18900.0,0,3.0584633e-08,29.67%
449,18900.0,0,-1.6931445e-07,29.74%
450,18900.0,0,3.4295022e-07,29.81%
451,18900.0,0,1.7397106e-07,29.88%
452,18900.0,0,-2.7950853e-07,29.94%
453,18900.0,0,4.6595932e-07,30.01%
454,18900.0,0,-4.760921e-07,30.08%
455,18900.0,0,4.6387314e-07,30.15%
456,18900.0,0,-2.7269126e-08,30.21%
457,18900.0,0,1.1049211e-07,30.28%
458,18900.0,0,-3.1247734e-07,30.35%
459,18900.0,0,-5.980255e-08,30.42%
460,18900.0,0,-1.9446016e-07,30.48%
461,18900.0,0,-4.7385694e-08,30.55%
462,18900.0,0,-4.8168005e-08,30.62%
463,18900.0,0,8.478761e-08,30.69%
464,18900.0,0,-1.4148652e-07,30.75%
465,18900.0,0,7.882714e-08,30.82%
466,18900.0,0,-1.09449026e-07,30.89%
467,18900.0,0,6.2584875e-09,30.96%
468,18900.0,0,-3.33786e-08,31.02%
469,18900.0,0,1.065433e-08,31.09%
470,18900.0,0,-1.1727214e-07,31.16%
471,18900.0,0,1.2382866e-07,31.23%
472,18900.0,0,-1.3455748e-07,31.29%
473,18900.0,0,3.325939e-07,31.36%
474,18900.0,0,-7.361174e-08,31.43%
475,18900.0,0,2.592802e-08,31.50%
476,18900.0,0,-1.03376806e-07,31.56%
477,18900.0,0,7.8231096e-08,31.63%
478,18900.0,0,8.732081e-08,31.70%
479,18900.0,0,-2.659112e-07,31.77%
480,18900.0,0,2.7343631e-08,31.83%
481,18900.0,0,-9.75281e-08,31.90%
482,18900.0,0,-2.3916364e-08,31.97%
483,18900.0,0,2.2813678e-07,32.04%
484,18900.0,0,-5.9604645e-08,32.10%
485,18900.0,0,-1.8537044e-07,32.17%
486,18900.0,0,-1.2546778e-07,32.24%
487,18900.0,0,4.1738153e-07,32.31%
488,18900.0,0,-1.8924474e-07,32.37%
489,18900.0,0,2.6091934e-07,32.44%
490,18900.0,0,-1.8589198e-08,32.51%
491,18900.0,0,-7.7486035e-09,32.58%
492,18900.0,0,9.909272e-08,32.64%
493,18900.0,0,1.40070915e-08,32.71%
494,18900.0,0,4.0829182e-08,32.78%
495,18900.0,0,-3.3564866e-08,32.85%
496,18900.0,0,1.2218952e-08,32.91%
497,18900.0,0,-1.5050173e-08,32.98%
498,18900.0,0,-6.213784e-08,33.05%
499,18900.0,0,-4.7311186e-08,33.12%
500,18900.0,0,5.248934e-08,33.18%
501,18900.0,0,-2.7939677e-08,33.25%
502,18900.0,0,9.141863e-08,33.32%
503,18900.0,0,-2.6077032e-07,33.39%
504,18900.0,0,4.157424e-07,33.45%
505,18900.0,0,9.924173e-08,33.52%
506,18900.0,0,-1.591444e-07,33.59%
507,18900.0,0,2.5182963e-08,33.66%
508,18900.0,0,6.8070364e-08,33.72%
509,18900.0,0,2.682209e-08,33.79%
510,18900.0,0,-2.1070242e-07,33.86%
511,18900.0,0,-1.3366342e-07,33.93%
512,18900.0,0,-2.2560359e-07,33.99%
513,18900.0,0,-1.8328429e-08,34.06%
514,18900.0,0,-3.0972063e-07,34.13%
515,18900.0,0,1.2487173e-07,34.20%
516,18900.0,0,4.8577785e-08,34.26%
517,18900.0,0,1.7940998e-07,34.33%
518,18900.0,0,-5.1036476e-08,34.40%
519,18900.0,0,1.8436462e-07,34.47%
520,18900.0,0,2.5913118e-07,34.53%
521,18900.0,0,4.172325e-08,34.60%
522,18900.0,0,5.662441e-09,34.67%
523,18900.0,0,-1.19060275e-07,34.74%
524,18900.0,0,3.1068922e-07,34.80%
525,18900.0,0,2.525747e-07,34.87%
526,18900.0,0,2.875924e-07,34.94%
527,18900.0,0,-1.0803342e-07,35.01%
528,18900.0,0,3.8817524e-07,35.07%
529,18900.0,0,1.9177794e-07,35.14%
530,18900.0,0,1.8626451e-08,35.21%
531,18900.0,0,1.8954277e-07,35.28%
532,18900.0,0,1.2218952e-07,35.34%
533,18900.0,0,-2.1010638e-07,35.41%
534,18900.0,0,5.8114527e-09,35.48%
535,18900.0,0,-1.2643635e-07,35.55%
536,18900.0,0,2.0693987e-08,35.61%
537,18900.0,0,-6.020069e-08,35.68%
538,18900.0,0,1.3262033e-07,35.75%
539,18900.0,0,-6.384216e-07,35.82%
540,18900.0,0,-8.6128715e-08,35.88%
541,18900.0,0,1.2814999e-07,35.95%
542,18900.0,0,4.3373555e-07,36.02%
543,18900.0,0,-1.8954277e-07,36.09%
544,18900.0,0,-5.2526595e-08,36.15%
545,18900.0,0,1.1473894e-08,36.22%
546,18900.0,0,1.2127217e-07,36.29%
547,18900.0,0,3.3825636e-08,36.36%
548,18900.0,0,1.4066696e-06,36.42%
549,18900.0,0,1.451373e-07,36.49%
550,18900.0,0,5.9604643e-10,36.56%
551,18900.0,0,1.0550022e-07,36.63%
552,18900.0,0,3.144145e-07,36.69%
553,18900.0,0,5.915761e-08,36.76%
554,18900.0,0,-2.452731e-07,36.83%
555,18900.0,0,-2.2126362e-07,36.90%
556,18900.0,0,-1.5348196e-07,36.96%
557,18900.0,0,-3.7685038e-07,37.03%
558,18900.0,0,8.419156e-08,37.10%
559,18900.0,0,-9.695068e-08,37.17%
560,18900.0,0,-2.0176172e-07,37.23%
561,18900.0,0,-2.9653311e-08,37.30%
562,18900.0,0,2.655387e-07,37.37%
563,18900.0,0,1.1742115e-07,37.44%
564,18900.0,0,-2.9563904e-07,37.50%
565,18900.0,0,8.970499e-08,37.57%
566,18900.0,0,-2.7492643e-08,37.64%
567,18900.0,0,5.294941e-07,37.71%
568,18900.0,0,-6.8768855e-08,37.77%
569,18900.0,0,2.823025e-07,37.84%
570,18900.0,0,2.9712916e-07,37.91%
571,18900.0,0,-2.759695e-07,37.98%
572,18900.0,0,-2.0951033e-07,38.04%
573,18900.0,0,2.7567148e-07,38.11%
574,18900.0,0,2.8014183e-08,38.18%
575,18900.0,0,2.9802322e-08,38.25%
576,18900.0,0,2.8409065e-07,38.31%
577,18900.0,0,-3.1399074e-07,38.38%
578,18900.0,0,6.284565e-08,38.45%
579,18900.0,0,-2.592802e-07,38.52%
580,18900.0,0,-2.0116568e-07,38.58%
581,18900.0,0,1.23679635e-08,38.65%
582,18900.0,0,-3.5509467e-07,38.72%
583,18900.0,0,1.6003847e-07,38.79%
584,18900.0,0,1.5180558e-07,38.85%
585,18900.0,0,3.2484532e-08,38.92%
586,18900.0,0,1.3113022e-07,38.99%
587,18900.0,0,6.92904e-09,39.06%
588,18900.0,0,-4.7683715e-09,39.12%
589,18900.0,0,-1.1175871e-07,39.19%
590,18900.0,0,4.842877e-09,39.26%
591,18900.0,0,-1.7162412e-07,39.33%
592,18900.0,0,6.798655e-08,39.39%
593,18900.0,0,4.2274596e-07,39.46%
594,18900.0,0,8.9406965e-10,39.53%
595,18900.0,0,2.6136638e-07,39.60%
596,18900.0,0,5.2452087e-08,39.66%
597,18900.0,0,7.454306e-08,39.73%
598,18900.0,0,-2.3767352e-07,39.80%
599,18900.0,0,2.3759901e-07,39.87%
600,18900.0,0,-3.2206066e-07,39.93%
601,18900.0,0,-7.523573e-08,40.00%
602,18900.0,0,1.2233853e-07,40.07%
603,18900.0,0,-3.216788e-07,40.14%
604,18900.0,0,-1.12466516e-07,40.20%
605,18900.0,0,-1.2516975e-08,40.27%
606,18900.0,0,-1.2345612e-07,40.34%
607,18900.0,0,3.0010938e-07,40.41%
608,18900.0,0,-1.0848046e-07,40.47%
609,18900.0,0,4.506111e-07,40.54%
610,18900.0,0,2.3692847e-08,40.61%
611,18900.0,0,-2.208352e-07,40.68%
612,18900.0,0,6.198883e-08,40.74%
613,18900.0,0,-1.256168e-07,40.81%
614,18900.0,0,1.630932e-07,40.88%
615,18900.0,0,1.4483929e-07,40.95%
616,18900.0,0,4.065037e-07,41.01%
617,18900.0,0,-6.228685e-08,41.08%
618,18900.0,0,1.309067e-07,41.15%
619,18900.0,0,-1.5944243e-08,41.22%
620,18900.0,0,-7.897616e-08,41.28%
621,18900.0,0,8.836388e-08,41.35%
622,18900.0,0,-6.556511e-09,41.42%
623,18900.0,0,-2.3961067e-07,41.49%
624,18900.0,0,1.2241304e-07,41.55%
625,18900.0,0,-1.5944242e-07,41.62%
626,18900.0,0,8.016825e-08,41.69%
627,18900.0,0,2.4745242e-07,41.76%
628,18900.0,0,-4.9769877e-08,41.82%
629,18900.0,0,-1.2014061e-07,41.89%
630,18900.0,0,1.6614795e-08,41.96%
631,18900.0,0,-2.7418137e-08,42.03%
632,18900.0,0,4.798174e-08,42.09%
633,18900.0,0,8.0764295e-08,42.16%
634,18900.0,0,2.9862857e-08,42.23%
635,18900.0,0,-9.253621e-08,42.30%
636,18900.0,0,-4.425645e-08,42.36%
637,18900.0,0,-1.6383827e-07,42.43%
638,18900.0,0,-8.5383654e-08,42.50%
639,18900.0,0,1.456216e-07,42.57%
640,18900.0,0,-3.3974647e-08,42.63%
641,18900.0,0,-9.658933e-07,42.70%
642,18900.0,0,1.2338161e-07,42.77%
643,18900.0,0,1.0758638e-07,42.84%
644,18900.0,0,-7.793307e-08,42.90%
645,18900.0,0,2.3543835e-08,42.97%
646,18900.0,0,-1.3783574e-07,43.04%
647,18900.0,0,-3.043562e-07,43.11%
648,18900.0,0,-3.822148e-08,43.17%
649,18900.0,0,-8.7097284e-08,43.24%
650,18900.0,0,-1.5586615e-07,43.31%
651,18900.0,0,4.918873e-07,43.38%
652,18900.0,0,1.3485551e-07,43.44%
653,18900.0,0,1.15633014e-07,43.51%
654,18900.0,0,-1.19060275e-07,43.58%
655,18900.0,0,-7.905066e-08,43.65%
656,18900.0,0,9.894371e-08,43.71%
657,18900.0,0,1.436472e-07,43.78%
658,18900.0,0,-4.4554472e-08,43.85%
659,18900.0,0,-1.0058284e-07,43.92%
660,18900.0,0,8.393079e-08,43.98%
661,18900.0,0,-1.7344952e-07,44.05%
662,18900.0,0,-2.2020191e-07,44.12%
663,18900.0,0,3.736466e-08,44.19%
664,18900.0,0,4.7057867e-07,44.25%
665,18900.0,0,3.3825636e-08,44.32%
666,18900.0,0,-1.3120473e-07,44.39%
667,18900.0,0,-1.3232231e-07,44.46%
668,18900.0,0,-1.06915834e-07,44.52%
669,18900.0,0,1.2233853e-07,44.59%
670,18900.0,0,-3.9011707e-07,44.66%
671,18900.0,0,-3.641471e-08,44.73%
672,18900.0,0,-2.380833e-07,44.79%
673,18900.0,0,5.820394e-07,44.86%
674,18900.0,0,2.71108e-08,44.93%
675,18900.0,0,1.8570572e-07,45.00%
676,18900.0,0,-1.7352403e-07,45.06%
677,18900.0,0,1.8756836e-07,45.13%
678,18900.0,0,-4.310906e-07,45.20%
679,18900.0,0,-4.4554472e-08,45.27%
680,18900.0,0,-4.5001507e-08,45.33%
681,18900.0,0,3.5256147e-07,45.40%
682,18900.0,0,2.3423694e-07,45.47%
683,18900.0,0,1.4781952e-07,45.54%
684,18900.0,0,2.5272368e-07,45.60%
685,18900.0,0,-1.0341406e-07,45.67%
686,18900.0,0,-1.2114644e-07,45.74%
687,18900.0,0,-8.806586e-08,45.81%
688,18900.0,0,3.181398e-07,45.87%
689,18900.0,0,3.144145e-08,45.94%
690,18900.0,0,1.2516975e-08,46.01%
691,18900.0,0,-2.7045608e-08,46.08%
692,18900.0,0,-1.3075769e-08,46.14%
693,18900.0,0,-2.3931264e-07,46.21%
694,18900.0,0,1.1019409e-07,46.28%
695,18900.0,0,3.069639e-08,46.35%
696,18900.0,0,-2.875924e-08,46.41%
697,18900.0,0,-5.796552e-08,46.48%
698,18900.0,0,-1.3545156e-07,46.55%
699,18900.0,0,4.047528e-08,46.62%
700,18900.0,0,-9.4920395e-08,46.68%
701,18900.0,0,-2.2649765e-07,46.75%
702,18900.0,0,2.3394823e-07,46.82%
703,18900.0,0,-5.4910777e-07,46.89%
704,18900.0,0,7.186085e-08,46.95%
705,18900.0,0,4.786253e-07,47.02%
706,18900.0,0,9.149313e-08,47.09%
707,18900.0,0,1.8076972e-07,47.16%
708,18900.0,0,-8.009374e-08,47.22%
709,18900.0,0,3.7401914e-08,47.29%
710,18900.0,0,-1.7950312e-07,47.36%
711,18900.0,0,-1.2516975e-07,47.43%
712,18900.0,0,2.0623207e-07,47.49%
713,18900.0,0,-1.0669231e-07,47.56%
714,18900.0,0,1.3321637e-07,47.63%
715,18900.0,0,1.8656254e-07,47.70%
716,18900.0,0,-1.8298626e-07,47.76%
717,18900.0,0,5.275011e-08,47.83%
718,18900.0,0,-1.8671155e-07,47.90%
719,18900.0,0,-2.951175e-07,47.97%
720,18900.0,0,6.824732e-08,48.03%
721,18900.0,0,4.3392183e-07,48.10%
722,18900.0,0,-2.1029264e-08,48.17%
723,18900.0,0,1.1876225e-07,48.24%
724,18900.0,0,-2.194941e-07,48.30%
725,18900.0,0,-4.7385694e-08,48.37%
726,18900.0,0,-8.860603e-08,48.44%
727,18900.0,0,-1.9595026e-07,48.51%
728,18900.0,0,-2.577901e-08,48.57%
729,18900.0,0,-7.256865e-08,48.64%
730,18900.0,0,6.467104e-08,48.71%
731,18900.0,0,-2.8833747e-07,48.78%
732,18900.0,0,-3.6507846e-08,48.84%
733,18900.0,0,1.1458993e-07,48.91%
734,18900.0,0,-1.5646219e-07,48.98%
735,18900.0,0,-1.2725592e-07,49.05%
736,18900.0,0,4.708767e-08,49.11%
737,18900.0,0,7.152557e-09,49.18%
738,18900.0,0,-1.7359852e-07,49.25%
739,18900.0,0,-3.0845403e-08,49.32%
740,18900.0,0,1.4096499e-07,49.38%
741,18900.0,0,-7.152557e-09,49.45%
742,18900.0,0,2.1025538e-07,49.52%
743,18900.0,0,-8.523464e-08,49.59%
744,18900.0,0,1.13248824e-07,49.65%
745,18900.0,0,3.4272671e-09,49.72%
746,18900.0,0,7.3499976e-08,49.79%
747,18900.0,0,-5.4091217e-08,49.86%
748,18900.0,0,-1.14440915e-07,49.92%
749,18900.0,0,-7.390976e-08,49.99%
750,18900.0,0,-1.3251424e-07,50.06%
751,18900.0,0,-2.2038817e-07,50.13%
752,18900.0,0,1.1771918e-08,50.19%
753,18900.0,0,-9.8384916e-08,50.26%
754,18900.0,0,-1.271069e-07,50.33%
755,18900.0,0,1.5437602e-07,50.40%
756,18900.0,0,2.0474195e-07,50.46%
757,18900.0,0,5.8114527e-09,50.53%
758,18900.0,0,2.0385778e-08,50.60%
759,18900.0,0,-1.3895333e-07,50.67%
760,18900.0,0,-1.4573335e-07,50.73%
761,18900.0,0,-1.9479543e-07,50.80%
762,18900.0,0,2.225861e-08,50.87%
763,18900.0,0,-3.963709e-08,50.94%
764,18900.0,0,-3.6656857e-08,51.00%
765,18900.0,0,4.425645e-08,51.07%
766,18900.0,0,1.476705e-07,51.14%
767,18900.0,0,2.1457673e-08,51.21%
768,18900.0,0,3.4362077e-07,51.27%
769,18900.0,0,-6.556511e-08,51.34%
770,18900.0,0,-8.016825e-08,51.41%
771,18900.0,0,-1.4128163e-07,51.48%
772,18900.0,0,-5.364418e-08,51.54%
773,18900.0,0,5.6922435e-08,51.61%
774,18900.0,0,-1.6763806e-07,51.68%
775,18900.0,0,5.1781535e-09,51.75%
776,18900.0,0,2.3245812e-07,51.81%
777,18900.0,0,6.3329935e-08,51.88%
778,18900.0,0,1.9464642e-07,51.95%
779,18900.0,0,-1.1473894e-08,52.02%
780,18900.0,0,-2.7477742e-07,52.08%
781,18900.0,0,1.4232472e-07,52.15%
782,18900.0,0,2.016127e-07,52.22%
783,18900.0,0,1.2069941e-08,52.29%
784,18900.0,0,1.6987324e-08,52.35%
785,18900.0,0,5.5879354e-09,52.42%
786,18900.0,0,-1.3038516e-09,52.49%
787,18900.0,0,3.4775585e-08,52.56%
788,18900.0,0,-4.4703485e-09,52.62%
789,18900.0,0,1.3917685e-07,52.69%
790,18900.0,0,1.2814999e-07,52.76%
791,18900.0,0,-9.715557e-08,52.83%
792,18900.0,0,5.638227e-08,52.89%
793,18900.0,0,-2.1532178e-07,52.96%
794,18900.0,0,2.4802983e-07,53.03%
795,18900.0,0,-1.04010105e-07,53.10%
796,18900.0,0,-4.9471854e-08,53.16%
797,18900.0,0,1.347065e-07,53.23%
798,18900.0,0,-2.0444394e-07,53.30%
799,18900.0,0,-1.2814999e-07,53.37%
800,18900.0,0,-2.4855137e-07,53.43%
801,18900.0,0,-2.8118492e-07,53.50%
802,18900.0,0,1.4260411e-07,53.57%
803,18900.0,0,6.943941e-08,53.64%
804,18900.0,0,3.5464765e-08,53.70%
805,18900.0,0,-1.758337e-08,53.77%
806,18900.0,0,2.3543835e-07,53.84%
807,18900.0,0,2.1740794e-07,53.91%
808,18900.0,0,-2.1666288e-07,53.97%
809,18900.0,0,-1.3828277e-07,54.04%
810,18900.0,0,-3.8966536e-07,54.11%
811,18900.0,0,-2.6240946e-07,54.18%
812,18900.0,0,4.7542156e-07,54.24%
813,18900.0,0,3.1143426e-08,54.31%
814,18900.0,0,-1.4543534e-07,54.38%
815,18900.0,0,-3.0994414e-08,54.45%
816,18900.0,0,-1.8835068e-07,54.51%
817,18900.0,0,4.5001507e-08,54.58%
818,18900.0,0,4.36157e-07,54.65%
819,18900.0,0,-2.5816261e-08,54.72%
820,18900.0,0,2.386421e-07,54.78%
821,18900.0,0,-3.1776727e-07,54.85%
822,18900.0,0,6.690621e-08,54.92%
823,18900.0,0,-9.059906e-08,54.99%
824,18900.0,0,-4.3958426e-08,55.05%
825,18900.0,0,-6.4864753e-07,55.12%
826,18900.0,0,8.8214875e-08,55.19%
827,18900.0,0,-7.2419645e-08,55.26%
828,18900.0,0,-1.4394521e-07,55.32%
829,18900.0,0,-4.8577785e-08,55.39%
830,18900.0,0,-1.501292e-07,55.46%
831,18900.0,0,-2.0354986e-07,55.53%
832,18900.0,0,-3.5017729e-09,55.59%
833,18900.0,0,4.4129789e-07,55.66%
834,18900.0,0,1.062639e-08,55.73%
835,18900.0,0,4.649162e-08,55.80%
836,18900.0,0,5.034078e-07,55.86%
837,18900.0,0,2.026558e-08,55.93%
838,18900.0,0,-1.2665987e-08,56.00%
839,18900.0,0,-1.1742115e-07,56.07%
840,18900.0,0,-5.185604e-08,56.13%
841,18900.0,0,-5.453825e-08,56.20%
842,18900.0,0,-3.8169324e-07,56.27%
843,18900.0,0,-2.0176172e-07,56.34%
844,18900.0,0,1.4036894e-07,56.40%
845,18900.0,0,-1.3669022e-07,56.47%
846,18900.0,0,-2.6226044e-08,56.54%
847,18900.0,0,8.434057e-08,56.61%
848,18900.0,0,-2.849847e-09,56.67%
849,18900.0,0,3.7655235e-07,56.74%
850,18900.0,0,5.8114527e-09,56.81%
851,18900.0,0,-5.662441e-09,56.88%
852,18900.0,0,-2.5898217e-07,56.94%
853,18900.0,0,6.7055225e-08,57.01%
854,18900.0,0,3.363006e-08,57.08%
855,18900.0,0,1.1891127e-07,57.15%
856,18900.0,0,1.92523e-07,57.21%
857,18900.0,0,3.0308962e-07,57.28%
858,18900.0,0,-7.50646e-08,57.35%
859,18900.0,0,-8.998439e-08,57.42%
860,18900.0,0,-2.771616e-08,57.48%
861,18900.0,0,3.0845403e-08,57.55%
862,18900.0,0,-6.452203e-08,57.62%
863,18900.0,0,1.1056662e-07,57.69%
864,18900.0,0,9.760261e-08,57.75%
865,18900.0,0,1.0408461e-07,57.82%
866,18900.0,0,-1.2420118e-07,57.89%
867,18900.0,0,-1.5974045e-07,57.96%
868,18900.0,0,2.255477e-07,58.02%
869,18900.0,0,3.1143426e-08,58.09%
870,18900.0,0,-9.328127e-08,58.16%
871,18900.0,0,-3.0085445e-07,58.23%
872,18900.0,0,1.7866492e-07,58.29%
873,18900.0,0,-8.262694e-08,58.36%
874,18900.0,0,1.7032028e-07,58.43%
875,18900.0,0,5.364418e-08,58.50%
876,18900.0,0,1.2248755e-07,58.56%
877,18900.0,0,5.4612755e-08,58.63%
878,18900.0,0,-1.719594e-07,58.70%
879,18900.0,0,3.8743018e-09,58.77%
880,18900.0,0,-1.4901161e-08,58.83%
881,18900.0,0,-5.476177e-09,58.90%
882,18900.0,0,1.0281801e-08,58.97%
883,18900.0,0,2.220273e-08,59.04%
884,18900.0,0,-2.220273e-08,59.10%
885,18900.0,0,1.7881393e-09,59.17%
886,18900.0,0,-1.15633014e-07,59.24%
887,18900.0,0,1.6391277e-09,59.31%
888,18900.0,0,9.872019e-08,59.37%
889,18900.0,0,4.145503e-07,59.44%
890,18900.0,0,1.052022e-07,59.51%
891,18900.0,0,1.0877848e-07,59.58%
892,18900.0,0,-9.387732e-08,59.64%
893,18900.0,0,-8.054078e-08,59.71%
894,18900.0,0,-4.2781232e-07,59.78%
895,18900.0,0,2.0220875e-07,59.85%
896,18900.0,0,8.0242756e-08,59.91%
897,18900.0,0,1.9699335e-07,59.98%
898,18900.0,0,3.6768614e-07,60.05%
899,18900.0,0,-6.064773e-08,60.12%
900,18900.0,0,1.5016646e-07,60.18%
901,18900.0,0,-2.5719405e-07,60.25%
902,18900.0,0,-1.10268594e-07,60.32%
903,18900.0,0,1.879409e-08,60.39%
904,18900.0,0,-1.7911196e-07,60.45%
905,18900.0,0,-3.6925078e-07,60.52%
906,18900.0,0,1.1324882e-08,60.59%
907,18900.0,0,-2.2754074e-07,60.66%
908,18900.0,0,2.3078174e-07,60.72%
909,18900.0,0,-1.15185976e-07,60.79%
910,18900.0,0,-2.1740794e-07,60.86%
911,18900.0,0,-5.8412553e-08,60.93%
912,18900.0,0,-7.8305604e-08,60.99%
913,18900.0,0,1.7285346e-08,61.06%
914,18900.0,0,-5.1543117e-07,61.13%
915,18900.0,0,-4.189834e-07,61.20%
916,18900.0,0,-1.1667609e-07,61.26%
917,18900.0,0,5.399808e-07,61.33%
918,18900.0,0,2.542138e-07,61.40%
919,18900.0,0,-2.0503998e-07,61.47%
920,18900.0,0,7.3313714e-08,61.53%
921,18900.0,0,9.983778e-08,61.60%
922,18900.0,0,-1.0430813e-08,61.67%
923,18900.0,0,1.190044e-07,61.74%
924,18900.0,0,-9.8384916e-08,61.80%
925,18900.0,0,-1.4424324e-07,61.87%
926,18900.0,0,-2.8088689e-08,61.94%
927,18900.0,0,-8.881092e-08,62.01%
928,18900.0,0,-9.708106e-08,62.07%
929,18900.0,0,-7.2084365e-09,62.14%
930,18900.0,0,5.1543117e-07,62.21%
931,18900.0,0,1.952052e-08,62.28%
932,18900.0,0,-1.2516975e-07,62.34%
933,18900.0,0,-1.7881393e-09,62.41%
934,18900.0,0,-9.6186994e-08,62.48%
935,18900.0,0,-1.0170043e-08,62.55%
936,18900.0,0,2.2593886e-07,62.61%
937,18900.0,0,6.9141386e-08,62.68%
938,18900.0,0,-6.5937638e-09,62.75%
939,18900.0,0,3.244728e-08,62.82%
940,18900.0,0,-8.892268e-08,62.88%
941,18900.0,0,-5.915761e-08,62.95%
942,18900.0,0,-2.913177e-07,63.02%
943,18900.0,0,-6.3329935e-08,63.09%
944,18900.0,0,-1.5318393e-07,63.15%
945,18900.0,0,-3.758818e-08,63.22%
946,18900.0,0,-1.590699e-07,63.29%
947,18900.0,0,-9.045005e-08,63.36%
948,18900.0,0,3.8072468e-08,63.42%
949,18900.0,0,-5.275011e-08,63.49%
950,18900.0,0,-1.220405e-07,63.56%
951,18900.0,0,-2.0980835e-07,63.63%
952,18900.0,0,-1.360476e-07,63.69%
953,18900.0,0,-2.6032328e-07,63.76%
954,18900.0,0,1.2502075e-07,63.83%
955,18900.0,0,2.2239983e-07,63.90%
956,18900.0,0,-8.791685e-09,63.96%
957,18900.0,0,2.9429794e-08,64.03%
958,18900.0,0,-1.0304153e-07,64.10%
959,18900.0,0,-3.3527613e-07,64.17%
960,18900.0,0,3.0698254e-07,64.23%
961,18900.0,0,-9.313226e-09,64.30%
962,18900.0,0,-1.886487e-07,64.37%
963,18900.0,0,-6.552786e-08,64.44%
964,18900.0,0,1.0624528e-07,64.50%
965,18900.0,0,2.1435321e-07,64.57%
966,18900.0,0,2.6077032e-08,64.64%
967,18900.0,0,1.103431e-07,64.71%
968,18900.0,0,-3.7252903e-08,64.77%
969,18900.0,0,3.2544136e-07,64.84%
970,18900.0,0,2.2247434e-07,64.91%
971,18900.0,0,1.5683472e-07,64.98%
972,18900.0,0,5.9604643e-10,65.04%
973,18900.0,0,-6.7949294e-08,65.11%
974,18900.0,0,1.3798476e-07,65.18%
975,18900.0,0,9.4389545e-09,65.25%
976,18900.0,0,4.2282045e-09,65.31%
977,18900.0,0,-1.8760562e-07,65.38%
978,18900.0,0,-1.8939376e-07,65.45%
979,18900.0,0,3.442168e-08,65.52%
980,18900.0,0,7.3313714e-08,65.58%
981,18900.0,0,4.4852495e-08,65.65%
982,18900.0,0,3.8407745e-08,65.72%
983,18900.0,0,1.8328429e-07,65.79%
984,18900.0,0,1.3649463e-07,65.85%
985,18900.0,0,-1.8179417e-08,65.92%
986,18900.0,0,2.2757798e-07,65.99%
987,18900.0,0,-2.5182963e-08,66.06%
988,18900.0,0,1.9103288e-07,66.12%
989,18900.0,0,7.525087e-08,66.19%
990,18900.0,0,1.1846423e-07,66.26%
991,18900.0,0,-5.5953862e-08,66.33%
992,18900.0,0,9.577721e-08,66.39%
993,18900.0,0,-4.20399e-08,66.46%
994,18900.0,0,-1.8220395e-07,66.53%
995,18900.0,0,1.104176e-07,66.60%
996,18900.0,0,-1.4439458e-07,66.66%
997,18900.0,0,8.707866e-10,66.73%
998,18900.0,0,-2.142787e-07,66.80%
999,18900.0,0,1.488626e-07,66.87%
1000,18900.0,0,-2.2277236e-08,66.93%
1001,18900.0,0,9.479001e-08,67.00%
1002,18900.0,0,2.4303793e-07,67.07%
1003,18900.0,0,-1.3642013e-07,67.14%
1004,18900.0,0,-1.9453466e-07,67.20%
1005,18900.0,0,2.2053719e-07,67.27%
1006,18900.0,0,-6.824732e-08,67.34%
1007,18900.0,0,2.7433038e-07,67.41%
1008,18900.0,0,-1.7434358e-08,67.47%
1009,18900.0,0,-1.8671155e-07,67.54%
1010,18900.0,0,4.6983362e-07,67.61%
1011,18900.0,0,-6.9968405e-07,67.68%
1012,18900.0,0,6.0424206e-08,67.74%
1013,18900.0,0,-9.4473364e-08,67.81%
1014,18900.0,0,5.789101e-08,67.88%
1015,18900.0,0,-1.6858802e-07,67.95%
1016,18900.0,0,8.3222986e-08,68.01%
1017,18900.0,0,8.6203215e-08,68.08%
1018,18900.0,0,1.4677644e-07,68.15%
1019,18900.0,0,4.6640636e-08,68.22%
1020,18900.0,0,3.2946468e-07,68.28%
1021,18900.0,0,2.1368265e-07,68.35%
1022,18900.0,0,1.129508e-07,68.42%
1023,18900.0,0,8.6575746e-08,68.49%
1024,18900.0,0,-1.4290214e-07,68.55%
1025,18900.0,0,-3.5896898e-07,68.62%
1026,18900.0,0,-1.2516975e-07,68.69%
1027,18900.0,0,-1.9803643e-07,68.76%
1028,18900.0,0,-2.3402274e-07,68.82%
1029,18900.0,0,-5.826354e-08,68.89%
1030,18900.0,0,-5.066395e-08,68.96%
1031,18900.0,0,1.0251999e-07,69.03%
1032,18900.0,0,-1.327775e-07,69.09%
1033,18900.0,0,2.541393e-07,69.16%
1034,18900.0,0,1.02370976e-07,69.23%
1035,18900.0,0,5.6177377e-08,69.30%
1036,18900.0,0,-4.735589e-07,69.36%
1037,18900.0,0,-1.13174316e-07,69.43%
1038,18900.0,0,3.758818e-08,69.50%
1039,18900.0,0,1.1838973e-07,69.57%
1040,18900.0,0,-1.8417835e-07,69.63%
1041,18900.0,0,2.297759e-07,69.70%
1042,18900.0,0,-6.7055225e-08,69.77%
1043,18900.0,0,-5.2154064e-10,69.84%
1044,18900.0,0,-4.4703485e-09,69.90%
1045,18900.0,0,7.4505807e-10,69.97%
1046,18900.0,0,-6.482005e-09,70.04%
1047,18900.0,0,1.0728836e-07,70.11%
1048,18900.0,0,-8.523464e-08,70.17%
1049,18900.0,0,-5.152822e-07,70.24%
1050,18900.0,0,-1.3023615e-07,70.31%
1051,18900.0,0,-2.0995736e-07,70.38%
1052,18900.0,0,2.1513551e-07,70.44%
1053,18900.0,0,-5.632639e-08,70.51%
1054,18900.0,0,4.6323986e-08,70.58%
1055,18900.0,0,5.079806e-07,70.65%
1056,18900.0,0,2.2470951e-07,70.71%
1057,18900.0,0,1.874566e-07,70.78%
1058,18900.0,0,7.301569e-09,70.85%
1059,18900.0,0,-1.0758638e-07,70.92%
1060,18900.0,0,-2.1122396e-08,70.98%
1061,18900.0,0,-6.9141386e-08,71.05%
1062,18900.0,0,-1.5199184e-08,71.12%
1063,18900.0,0,1.1324882e-08,71.19%
1064,18900.0,0,-3.736466e-08,71.25%
1065,18900.0,0,1.8977094e-07,71.32%
1066,18900.0,0,3.4783037e-07,71.39%
1067,18900.0,0,5.617738e-07,71.46%
1068,18900.0,0,3.2112002e-08,71.52%
1069,18900.0,0,3.5464765e-08,71.59%
1070,18900.0,0,2.2664666e-07,71.66%
1071,18900.0,0,-1.7110258e-07,71.73%
1072,18900.0,0,-2.8178096e-07,71.79%
1073,18900.0,0,-1.4960766e-07,71.86%
1074,18900.0,0,2.6017426e-07,71.93%
1075,18900.0,0,2.1412968e-07,72.00%
1076,18900.0,0,3.7960707e-08,72.06%
1077,18900.0,0,-1.2526289e-07,72.13%
1078,18900.0,0,1.6599894e-07,72.20%
1079,18900.0,0,-2.2493303e-07,72.27%
1080,18900.0,0,-2.8340146e-08,72.33%
1081,18900.0,0,-1.6331673e-07,72.40%
1082,18900.0,0,1.4938414e-07,72.47%
1083,18900.0,0,2.8360634e-07,72.54%
1084,18900.0,0,-4.7169627e-07,72.60%
1085,18900.0,0,-3.1113623e-07,72.67%
1086,18900.0,0,-1.373142e-07,72.74%
1087,18900.0,0,7.5399875e-08,72.81%
1088,18900.0,0,-1.0012649e-07,72.87%
1089,18900.0,0,-3.9339067e-08,72.94%
1090,18900.0,0,-4.7766605e-07,73.01%
1091,18900.0,0,-7.7486035e-09,73.08%
1092,18900.0,0,8.4629285e-08,73.14%
1093,18900.0,0,1.2516975e-07,73.21%
1094,18900.0,0,-1.18091705e-07,73.28%
1095,18900.0,0,2.9623507e-07,73.35%
1096,18900.0,0,3.2633544e-08,73.41%
1097,18900.0,0,2.9593707e-07,73.48%
1098,18900.0,0,1.4550984e-07,73.55%
1099,18900.0,0,4.3198466e-07,73.62%
1100,18900.0,0,-1.4278106e-07,73.68%
1101,18900.0,0,-2.4884939e-08,73.75%
1102,18900.0,0,-3.8675964e-07,73.82%
1103,18900.0,0,7.18236e-08,73.89%
1104,18900.0,0,-1.1324882e-08,73.95%
1105,18900.0,0,-5.3085387e-08,74.02%
1106,18900.0,0,-8.389354e-08,74.09%
1107,18900.0,0,3.5841018e-07,74.16%
1108,18900.0,0,-9.000301e-08,74.22%
1109,18900.0,0,-5.280599e-09,74.29%
1110,18900.0,0,2.0686537e-07,74.36%
1111,18900.0,0,3.2190235e-07,74.43%
1112,18900.0,0,1.79559e-07,74.49%
1113,18900.0,0,-1.4383346e-07,74.56%
1114,18900.0,0,-2.0325184e-07,74.63%
1115,18900.0,0,-1.0430813e-08,74.70%
1116,18900.0,0,-8.617062e-08,74.76%
1117,18900.0,0,4.2170285e-08,74.83%
1118,18900.0,0,6.482005e-08,74.90%
1119,18900.0,0,1.2010337e-07,74.97%
1120,18900.0,0,-1.1604745e-07,75.03%
1121,18900.0,0,-1.0728836e-07,75.10%
1122,18900.0,0,-6.347895e-08,75.17%
1123,18900.0,0,1.4159828e-07,75.24%
1124,18900.0,0,-1.1779368e-07,75.30%
1125,18900.0,0,1.99005e-07,75.37%
1126,18900.0,0,6.4969065e-08,75.44%
1127,18900.0,0,5.9343876e-07,75.51%
1128,18900.0,0,-1.66893e-07,75.57%
1129,18900.0,0,-2.0831823e-07,75.64%
1130,18900.0,0,3.4123659e-07,75.71%
1131,18900.0,0,5.90086e-08,75.78%
1132,18900.0,0,1.6346574e-07,75.84%
1133,18900.0,0,-1.5653204e-07,75.91%
1134,18900.0,0,3.7476422e-08,75.98%
1135,18900.0,0,1.0147691e-07,76.05%
1136,18900.0,0,-7.916242e-08,76.11%
1137,18900.0,0,-7.3313714e-08,76.18%
1138,18900.0,0,-8.09133e-08,76.25%
1139,18900.0,0,-1.01029876e-07,76.32%
1140,18900.0,0,-3.3527613e-08,76.38%
1141,18900.0,0,1.9371509e-09,76.45%
1142,18900.0,0,1.3471581e-08,76.52%
1143,18900.0,0,8.791685e-09,76.59%
1144,18900.0,0,7.562339e-09,76.65%
1145,18900.0,0,6.4074994e-09,76.72%
1146,18900.0,0,-2.834946e-08,76.79%
1147,18900.0,0,2.220273e-08,76.86%
1148,18900.0,0,2.05338e-07,76.92%
1149,18900.0,0,1.3545156e-07,76.99%
1150,18900.0,0,-6.7070124e-07,77.06%
1151,18900.0,0,-3.6831014e-07,77.13%
1152,18900.0,0,1.3053418e-07,77.19%
1153,18900.0,0,6.3329935e-08,77.26%
1154,18900.0,0,8.34465e-08,77.33%
1155,18900.0,0,2.580881e-07,77.40%
1156,18900.0,0,7.927418e-08,77.46%
1157,18900.0,0,1.0639429e-07,77.53%
1158,18900.0,0,-5.9224664e-07,77.60%
1159,18900.0,0,-2.4756417e-07,77.67%
1160,18900.0,0,-1.5296042e-07,77.73%
1161,18900.0,0,3.4317375e-07,77.80%
1162,18900.0,0,-2.0310283e-07,77.87%
1163,18900.0,0,-2.9765069e-08,77.94%
1164,18900.0,0,-1.9021333e-07,78.00%
1165,18900.0,0,-8.85129e-08,78.07%
1166,18900.0,0,1.218915e-07,78.14%
1167,18900.0,0,-1.5884638e-07,78.21%
1168,18900.0,0,-4.400313e-07,78.27%
1169,18900.0,0,3.8810074e-07,78.34%
1170,18900.0,0,4.6804547e-07,78.41%
1171,18900.0,0,4.3287872e-07,78.48%
1172,18900.0,0,-2.2089108e-07,78.54%
1173,18900.0,0,-1.679361e-07,78.61%
1174,18900.0,0,-5.029142e-09,78.68%
1175,18900.0,0,-1.3560057e-07,78.75%
1176,18900.0,0,1.1920929e-08,78.81%
1177,18900.0,0,-3.0402094e-07,78.88%
1178,18900.0,0,-1.5161932e-08,78.95%
1179,18900.0,0,3.3944846e-07,79.02%
1180,18900.0,0,-3.3676624e-08,79.08%
1181,18900.0,0,4.2319297e-08,79.15%
1182,18900.0,0,-1.16825106e-07,79.22%
1183,18900.0,0,3.386289e-08,79.29%
1184,18900.0,0,2.4735927e-08,79.35%
1185,18900.0,0,-1.6801059e-07,79.42%
1186,18900.0,0,-6.660819e-08,79.49%
1187,18900.0,0,2.3491681e-07,79.56%
1188,18900.0,0,-2.838671e-07,79.62%
1189,18900.0,0,-5.1036477e-09,79.69%
1190,18900.0,0,3.3169985e-07,79.76%
1191,18900.0,0,-7.36583e-08,79.83%
1192,18900.0,0,-4.3660403e-08,79.89%
1193,18900.0,0,1.0613352e-07,79.96%
1194,18900.0,0,8.761883e-08,80.03%
1195,18900.0,0,1.4521181e-07,80.10%
1196,18900.0,0,4.9084423e-07,80.16%
1197,18900.0,0,-9.8645685e-08,80.23%
1198,18900.0,0,-2.259016e-07,80.30%
1199,18900.0,0,-9.909272e-08,80.37%
1200,18900.0,0,-5.2936375e-08,80.43%
1201,18900.0,0,2.4415553e-07,80.50%
1202,18900.0,0,-1.7038547e-08,80.57%
1203,18900.0,0,-5.811453e-08,80.64%
1204,18900.0,0,4.544854e-08,80.70%
1205,18900.0,0,1.5221536e-07,80.77%
1206,18900.0,0,-4.4852495e-08,80.84%
1207,18900.0,0,1.5154481e-07,80.91%
1208,18900.0,0,1.0505318e-08,80.97%
1209,18900.0,0,1.8067658e-07,81.04%
1210,18900.0,0,8.080853e-08,81.11%
1211,18900.0,0,-4.544854e-08,81.18%
1212,18900.0,0,2.3782253e-07,81.24%
1213,18900.0,0,6.198883e-08,81.31%
1214,18900.0,0,2.18302e-07,81.38%
1215,18900.0,0,-1.3485551e-07,81.45%
1216,18900.0,0,6.074645e-07,81.51%
1217,18900.0,0,4.466623e-08,81.58%
1218,18900.0,0,-1.8894673e-07,81.65%
1219,18900.0,0,-2.2277236e-08,81.72%
1220,18900.0,0,-8.404255e-08,81.78%
1221,18900.0,0,3.3833086e-07,81.85%
1222,18900.0,0,2.2675842e-07,81.92%
1223,18900.0,0,-1.001358e-07,81.99%
1224,18900.0,0,2.375245e-07,82.05%
1225,18900.0,0,4.7646463e-08,82.12%
1226,18900.0,0,-9.298324e-08,82.19%
1227,18900.0,0,2.302602e-07,82.26%
1228,18900.0,0,2.4668873e-07,82.32%
1229,18900.0,0,-1.7009675e-07,82.39%
1230,18900.0,0,1.2580306e-07,82.46%
1231,18900.0,0,3.4749507e-07,82.53%
1232,18900.0,0,1.8462539e-07,82.59%
1233,18900.0,0,3.027916e-07,82.66%
1234,18900.0,0,5.066395e-08,82.73%
1235,18900.0,0,-5.453825e-08,82.80%
1236,18900.0,0,-7.573515e-08,82.86%
1237,18900.0,0,9.4920395e-08,82.93%
1238,18900.0,0,3.9324163e-07,83.00%
1239,18900.0,0,-5.13345e-08,83.07%
1240,18900.0,0,8.553266e-08,83.13%
1241,18900.0,0,6.560469e-08,83.20%
1242,18900.0,0,-2.1839514e-07,83.27%
1243,18900.0,0,-8.299947e-08,83.34%
1244,18900.0,0,-2.5987626e-07,83.40%
1245,18900.0,0,1.0080635e-07,83.47%
1246,18900.0,0,-1.4339574e-07,83.54%
1247,18900.0,0,1.3519079e-07,83.61%
1248,18900.0,0,3.1150878e-07,83.67%
1249,18900.0,0,2.0954758e-09,83.74%
1250,18900.0,0,-1.7881393e-09,83.81%
1251,18900.0,0,-1.3932586e-08,83.88%
1252,18900.0,0,-3.5762786e-09,83.94%
1253,18900.0,0,-9.3877315e-09,84.01%
1254,18900.0,0,-1.2427569e-07,84.08%
1255,18900.0,0,-5.789101e-08,84.15%
1256,18900.0,0,-8.3595516e-08,84.21%
1257,18900.0,0,1.0356307e-08,84.28%
1258,18900.0,0,-5.3346156e-08,84.35%
1259,18900.0,0,-5.216896e-07,84.42%
1260,18900.0,0,7.383525e-08,84.48%
1261,18900.0,0,-9.5879656e-08,84.55%
1262,18900.0,0,-1.4748424e-07,84.62%
1263,18900.0,0,-1.1965632e-07,84.69%
1264,18900.0,0,1.5763565e-07,84.75%
1265,18900.0,0,3.2600016e-07,84.82%
1266,18900.0,0,3.0100345e-08,84.89%
1267,18900.0,0,-7.897616e-08,84.96%
1268,18900.0,0,-2.387911e-07,85.02%
1269,18900.0,0,-8.940697e-09,85.09%
1270,18900.0,0,-1.4036894e-07,85.16%
1271,18900.0,0,-1.08629465e-07,85.23%
1272,18900.0,0,-8.1956386e-10,85.29%
1273,18900.0,0,-4.88162e-07,85.36%
1274,18900.0,0,-9.685755e-08,85.43%
1275,18900.0,0,6.213784e-08,85.50%
1276,18900.0,0,-2.1010638e-07,85.56%
1277,18900.0,0,1.2412667e-07,85.63%
1278,18900.0,0,-3.7148595e-07,85.70%
1279,18900.0,0,5.915761e-08,85.77%
1280,18900.0,0,-2.9802322e-10,85.83%
1281,18900.0,0,-6.686896e-09,85.90%
1282,18900.0,0,-4.313886e-08,85.97%
1283,18900.0,0,6.5863134e-08,86.04%
1284,18900.0,0,2.6330352e-07,86.10%
1285,18900.0,0,-8.463859e-08,86.17%
1286,18900.0,0,-3.616512e-07,86.24%
1287,18900.0,0,-1.7136335e-08,86.31%
1288,18900.0,0,2.5779008e-07,86.37%
1289,18900.0,0,1.0829419e-07,86.44%
